type,name,module,path,hash
"yaml","manifest","_config","_config/manifest.yaml","62fc278b16d1188d9b8044646f4d412ddaa346fad078fd5fe0609e2035d6a9cc"
"yaml","config","bmb","bmb/config.yaml","72a8027803c697f5ef3c88db8c8efe12ebe5e9933db42dfb537e39af6961e1e4"
"yaml","config","bmm","bmm/config.yaml","39ed9a6b4370800820c9171a7716dfbe43d6943c323ae71344dc376cdba64713"
"yaml","config","bmp","bmp/config.yaml","ba6caade6ae6d38b1c780c7820dac2b101a5455db18972d8a091b334a6785924"
"yaml","config","cis","cis/config.yaml","5a27fb00df7fc0b46ef0bed15b8c45d7c2753b432da602908433627bf7bd4590"
"toml","config","config.toml","config.toml","45e69a5601b90e10fb227387260ee2e6f2f2a144d1486200e1eaefb819efcd8b"
"toml","config.user","config.user.toml","config.user.toml","a3668ee3aafe5cdeecc04fee3c1b2ba4871ccc02c08e46523a66b0d1481631cb"
"yaml","config","core","core/config.yaml","b910f2774a2c2326eb7b07d815b448e3426f05f4bc28c0315f8cd83524cb581a"
"file",".gitignore","render","render/.gitignore","240a3e0d37d2e86b614063f5347eb02d4f99ca6c254de6b82871ff8d95532a7d"
"py","config_utils","scripts","scripts/config_utils.py","48afe2bc18a29201e343cce3703be1e70df9c83ee74eeb68e57ef8ef42e8c651"
"py","memlog","scripts","scripts/memlog.py","3b00f82ca33dc4227f715123b939514ee35c4f9c71150c894c3d8185df1b48df"
"py","render_skill","scripts","scripts/render_skill.py","8496d0d8b449d64c21b42a9aab3b13fc8a813a430c0695ffd84ad75bb1da7942"
"py","resolve_config","scripts","scripts/resolve_config.py","fc78866fd42862d486d4346d2b35705f916a19e6c07bb474f8add25c71734a8e"
"py","resolve_customization","scripts","scripts/resolve_customization.py","9b5124e0b781823a015a19d6cf5db52bbc34b6bab41c036fd1b3d464c2a137cd"
